Year;Consumer Films;Consumer Bags;Consumer Bottles;Other Consumer Packaging;Non Consumer Bags;Other Non Consumer Films;Other Non Consumer Packaging;Pipes and Ducts;Insulation;Wall and Floor Coverings;Windows, Profiles and Fitted Furniture;Lining;Building Packaging Films;Building Textiles;Geotextiles;Agricultural Packaging Films;Agricultural Packaging Bottles;Agricultural Films;Agricultural Pipes;Other Agricultural Plastics;Agrotextiles;Automotive;Mobility Textiles;Electrical and Electronic Equipment;Household Plastics;Furniture;Personal Care and Cosmetic Products;Other Plastic Products;Hygiene and Medical Textiles;Clothing;Technical Clothing;Household Textiles;Technical Household Textiles;Fabric Coatings;Other Technical Textiles
1;0,9;0,9;0,9;0,9;0,9;0,9;0,9;0;0,01;0,0175;0,006451613;0,025;0,9;0,0175;0,148148148;0,9;0,9;0,25;0;0,25;0,25;0,05;0,05;0;0,006;0,1;0,429;0,006;0,9;0,3;0,3;0,230763365;0,230763365;0,230763365;0,271
2;0,1;0,1;0,1;0,1;0,1;0,1;0,1;0;0,01;0,0175;0,006451613;0,025;0,1;0,0175;0,037037037;0,1;0,1;0,25;0;0,25;0,25;0,025;0,025;0;0,026;0,125;0,571;0,026;0,1;0,4;0,4;0,2024327;0,2024327;0,2024327;0,147
3;0;0;0;0;0;0;0;0,003333333;0;0,016666667;0;0;0;0,005555556;0,037037037;0;0;0,25;0,003333333;0,25;0,25;0,025;0,025;0,055555556;0,078;0,125;0;0,078;0;0,15;0,1;0,097155495;0,097155495;0,097155495;0,074
4;0;0;0;0;0;0;0;0,003333333;0;0,016666667;0;0;0;0,005555556;0,037037037;0;0;0,25;0,003333333;0,25;0,25;0,025;0,025;0,055555556;0,16;0,125;0;0,16;0;0,1;0,1;0,097155495;0,097155495;0,097155495;0,074
5;0;0;0;0;0;0;0;0,003333333;0;0,016666667;0;0;0;0,005555556;0,037037037;0;0;0;0,003333333;0;0;0,025;0,025;0,055555556;0,23;0,125;0;0,23;0;0,05;0,1;0,097155495;0,097155495;0,097155495;0,038
6;0;0;0;0;0;0;0;0,002;0;0,07;0,02;0,02;0;0,03;0,037037037;0;0;0;0,002;0;0;0,08;0,08;0,068888889;0,23;0,03;0;0,23;0;0;0;0,055540304;0,055540304;0,055540304;0,029
7;0;0;0;0;0;0;0;0,002;0;0,07;0,02;0,02;0;0,03;0;0;0;0;0,002;0;0;0,08;0,08;0,068888889;0,16;0,03;0;0,16;0;0;0;0,055540304;0,055540304;0,055540304;0,024
8;0;0;0;0;0;0;0;0,002;0;0,07;0,02;0,02;0;0,03;0;0;0;0;0,002;0;0;0,08;0,08;0,068888889;0,078;0,03;0;0,078;0;0;0;0,055540304;0,055540304;0,055540304;0,024
9;0;0;0;0;0;0;0;0,002;0;0,07;0,02;0,02;0;0,03;0;0;0;0;0,002;0;0;0,08;0,08;0,068888889;0,026;0,03;0;0,026;0;0;0;0,055540304;0,055540304;0,055540304;0,024
10;0;0;0;0;0;0;0;0,002;0;0,07;0,02;0,02;0;0,03;0;0;0;0;0,002;0;0;0,08;0,08;0,068888889;0,006;0,03;0;0,006;0;0;0;0,055540304;0,055540304;0,055540304;0,024
11;0;0;0;0;0;0;0;0,003;0,01;0,049;0,026129032;0,025;0;0,028;0,007407407;0;0;0;0,003;0;0;0,08;0,08;0,037777778;0;0,03;0;0;0;0;0;0;0;0;0,016
12;0;0;0;0;0;0;0;0,003;0,01;0,049;0,026129032;0,025;0;0,028;0,007407407;0;0;0;0,003;0;0;0,08;0,08;0,037777778;0;0,03;0;0;0;0;0;0;0;0;0,016
13;0;0;0;0;0;0;0;0,003;0,01;0,049;0,026129032;0,025;0;0,028;0,007407407;0;0;0;0,003;0;0;0,08;0,08;0,037777778;0;0,03;0;0;0;0;0;0;0;0;0,016
14;0;0;0;0;0;0;0;0,003;0,01;0,049;0,026129032;0,025;0;0,028;0,007407407;0;0;0;0,003;0;0;0,08;0,08;0,037777778;0;0,03;0;0;0;0;0;0;0;0;0,016
15;0;0;0;0;0;0;0;0,003;0,01;0,049;0,026129032;0,025;0;0,028;0,007407407;0;0;0;0,003;0;0;0,08;0,08;0,037777778;0;0,03;0;0;0;0;0;0;0;0;0,016
16;0;0;0;0;0;0;0;0,003;0,01;0,049;0,026129032;0,025;0;0,028;0,007407407;0;0;0;0,003;0;0;0,01;0,01;0,037777778;0;0,02;0;0;0;0;0;0;0;0;0,006
17;0;0;0;0;0;0;0;0,003;0,01;0,049;0,026129032;0,025;0;0,028;0,007407407;0;0;0;0,003;0;0;0,01;0,01;0,037777778;0;0,02;0;0;0;0;0;0;0;0;0,006
18;0;0;0;0;0;0;0;0,003;0,01;0,049;0,026129032;0,025;0;0,028;0,007407407;0;0;0;0,003;0;0;0,01;0,01;0,037777778;0;0,02;0;0;0;0;0;0;0;0;0,006
19;0;0;0;0;0;0;0;0,003;0,01;0,049;0,026129032;0,025;0;0,028;0,007407407;0;0;0;0,003;0;0;0,01;0,01;0,037777778;0;0,02;0;0;0;0;0;0;0;0;0,006
20;0;0;0;0;0;0;0;0,003;0,01;0,049;0,026129032;0,025;0;0,028;0,007407407;0;0;0;0,003;0;0;0,01;0,01;0,037777778;0;0,02;0;0;0;0;0;0;0;0;0,006
21;0;0;0;0;0;0;0;0,01;0,025;0,00375;0,018064516;0,02;0;0,01625;0,007407407;0;0;0;0,01;0;0;0,01;0,01;0,005;0;0;0;0;0;0;0;0;0;0;0,005
22;0;0;0;0;0;0;0;0,01;0,025;0,00375;0,018064516;0,02;0;0,01625;0,007407407;0;0;0;0,01;0;0;0;0;0,005;0;0;0;0;0;0;0;0;0;0;0,003
23;0;0;0;0;0;0;0;0,01;0,025;0,00375;0,018064516;0,02;0;0,01625;0,007407407;0;0;0;0,01;0;0;0;0;0,005;0;0;0;0;0;0;0;0;0;0;0,003
24;0;0;0;0;0;0;0;0,01;0,025;0,00375;0,018064516;0,02;0;0,01625;0,007407407;0;0;0;0,01;0;0;0;0;0,005;0;0;0;0;0;0;0;0;0;0;0,003
25;0;0;0;0;0;0;0;0,01;0,025;0,00375;0,018064516;0,02;0;0,01625;0,007407407;0;0;0;0,01;0;0;0;0;0,005;0;0;0;0;0;0;0;0;0;0;0,003
26;0;0;0;0;0;0;0;0,01;0,025;0,00375;0,018064516;0,02;0;0,01625;0;0;0;0;0,01;0;0;0;0;0,005;0;0;0;0;0;0;0;0;0;0;0,002
27;0;0;0;0;0;0;0;0,01;0,025;0,00375;0,018064516;0,02;0;0,01625;0;0;0;0;0,01;0;0;0;0;0,005;0;0;0;0;0;0;0;0;0;0;0,002
28;0;0;0;0;0;0;0;0,01;0,025;0,00375;0,018064516;0,02;0;0,01625;0;0;0;0;0,01;0;0;0;0;0,005;0;0;0;0;0;0;0;0;0;0;0,002
29;0;0;0;0;0;0;0;0,01;0,025;0,00375;0,018064516;0,02;0;0,01625;0;0;0;0;0,01;0;0;0;0;0,005;0;0;0;0;0;0;0;0;0;0;0,002
30;0;0;0;0;0;0;0;0,01;0,025;0,00375;0,018064516;0,02;0;0,01625;0;0;0;0;0,01;0;0;0;0;0,005;0;0;0;0;0;0;0;0;0;0;0,002
31;0;0;0;0;0;0;0;0,01;0,025;0,00375;0,018064516;0,02;0;0,016;0;0;0;0;0,01;0;0;0;0;0,005;0;0;0;0;0;0;0;0;0;0;0,002
32;0;0;0;0;0;0;0;0,01;0,025;0,00375;0,018064516;0,02;0;0,016;0;0;0;0;0,01;0;0;0;0;0,005;0;0;0;0;0;0;0;0;0;0;0,002
33;0;0;0;0;0;0;0;0,01;0,025;0,00375;0,018064516;0,02;0;0,016;0;0;0;0;0,01;0;0;0;0;0,005;0;0;0;0;0;0;0;0;0;0;0,002
34;0;0;0;0;0;0;0;0,01;0,025;0,00375;0,018064516;0,02;0;0,016;0;0;0;0;0,01;0;0;0;0;0,005;0;0;0;0;0;0;0;0;0;0;0,002
35;0;0;0;0;0;0;0;0,01;0,025;0,00375;0,018064516;0,02;0;0,016;0;0;0;0;0,01;0;0;0;0;0,005;0;0;0;0;0;0;0;0;0;0;0,002
36;0;0;0;0;0;0;0;0,01;0,025;0,00375;0,018064516;0,02;0;0,016;0;0;0;0;0,01;0;0;0;0;0,005;0;0;0;0;0;0;0;0;0;0;0,002
37;0;0;0;0;0;0;0;0,01;0,025;0,00375;0,018064516;0,02;0;0,016;0;0;0;0;0,01;0;0;0;0;0,005;0;0;0;0;0;0;0;0;0;0;0,002
38;0;0;0;0;0;0;0;0,01;0,025;0,00375;0,018064516;0,02;0;0,016;0;0;0;0;0,01;0;0;0;0;0,005;0;0;0;0;0;0;0;0;0;0;0,002
39;0;0;0;0;0;0;0;0,01;0,025;0,00375;0,018064516;0,02;0;0,016;0;0;0;0;0,01;0;0;0;0;0,005;0;0;0;0;0;0;0;0;0;0;0,002
40;0;0;0;0;0;0;0;0,01;0,025;0,00375;0,018064516;0,02;0;0,016;0;0;0;0;0,01;0;0;0;0;0,005;0;0;0;0;0;0;0;0;0;0;0,002
41;0;0;0;0;0;0;0;0,01875;0,0095;0;0,006612903;0,005;0;0,005;0;0;0;0;0,01875;0;0;0;0;0,001666667;0;0;0;0;0;0;0;0;0;0;0,001
42;0;0;0;0;0;0;0;0,01875;0,0095;0;0,006612903;0,005;0;0,005;0;0;0;0;0,01875;0;0;0;0;0,001666667;0;0;0;0;0;0;0;0;0;0;0,001
43;0;0;0;0;0;0;0;0,01875;0,0095;0;0,006612903;0,005;0;0,005;0;0;0;0;0,01875;0;0;0;0;0,001666667;0;0;0;0;0;0;0;0;0;0;0,001
44;0;0;0;0;0;0;0;0,01875;0,0095;0;0,006612903;0,005;0;0,005;0;0;0;0;0,01875;0;0;0;0;0,001666667;0;0;0;0;0;0;0;0;0;0;0,001
45;0;0;0;0;0;0;0;0,01875;0,0095;0;0,006612903;0,005;0;0,005;0;0;0;0;0,01875;0;0;0;0;0,001666667;0;0;0;0;0;0;0;0;0;0;0,001
46;0;0;0;0;0;0;0;0,01875;0,0095;0;0,006612903;0,005;0;0,005;0;0;0;0;0,01875;0;0;0;0;0,001666667;0;0;0;0;0;0;0;0;0;0;0,001
47;0;0;0;0;0;0;0;0,01875;0,0095;0;0,006612903;0,005;0;0,005;0;0;0;0;0,01875;0;0;0;0;0,001666667;0;0;0;0;0;0;0;0;0;0;0,001
48;0;0;0;0;0;0;0;0,01875;0,0095;0;0,006612903;0,005;0;0,005;0;0;0;0;0,01875;0;0;0;0;0,001666667;0;0;0;0;0;0;0;0;0;0;0,001
49;0;0;0;0;0;0;0;0,01875;0,0095;0;0,006612903;0,005;0;0,005;0;0;0;0;0,01875;0;0;0;0;0,001666667;0;0;0;0;0;0;0;0;0;0;0,001
50;0;0;0;0;0;0;0;0,01875;0,0095;0;0,006612903;0,005;0;0,005;0;0;0;0;0,01875;0;0;0;0;0,001666667;0;0;0;0;0;0;0;0;0;0;0,001
51;0;0;0;0;0;0;0;0,01875;0,0095;0;0,006612903;0,005;0;0,005;0;0;0;0;0,01875;0;0;0;0;0;0;0;0;0;0;0;0;0;0;0;0,001
52;0;0;0;0;0;0;0;0,01875;0,0095;0;0,006612903;0,005;0;0,005;0;0;0;0;0,01875;0;0;0;0;0;0;0;0;0;0;0;0;0;0;0;0,001
53;0;0;0;0;0;0;0;0,01875;0,0095;0;0,006612903;0,005;0;0,005;0;0;0;0;0,01875;0;0;0;0;0;0;0;0;0;0;0;0;0;0;0;0,001
54;0;0;0;0;0;0;0;0,01875;0,0095;0;0,006612903;0,005;0;0,005;0;0;0;0;0,01875;0;0;0;0;0;0;0;0;0;0;0;0;0;0;0;0,001
55;0;0;0;0;0;0;0;0,01875;0,0095;0;0,006612903;0,005;0;0,005;0;0;0;0;0,01875;0;0;0;0;0;0;0;0;0;0;0;0;0;0;0;0,001
56;0;0;0;0;0;0;0;0,01875;0,0095;0;0,006612903;0,005;0;0,005;0;0;0;0;0,01875;0;0;0;0;0;0;0;0;0;0;0;0;0;0;0;0,001
57;0;0;0;0;0;0;0;0,01875;0,0095;0;0,006612903;0,005;0;0,005;0;0;0;0;0,01875;0;0;0;0;0;0;0;0;0;0;0;0;0;0;0;0,001
58;0;0;0;0;0;0;0;0,01875;0,0095;0;0,006612903;0,005;0;0,005;0;0;0;0;0,01875;0;0;0;0;0;0;0;0;0;0;0;0;0;0;0;0,001
59;0;0;0;0;0;0;0;0,01875;0,0095;0;0,006612903;0,005;0;0,005;0;0;0;0;0,01875;0;0;0;0;0;0;0;0;0;0;0;0;0;0;0;0,001
60;0;0;0;0;0;0;0;0,01875;0,0095;0;0,006612903;0,005;0;0,005;0;0;0;0;0,01875;0;0;0;0;0;0;0;0;0;0;0;0;0;0;0;0,001
61;0;0;0;0;0;0;0;0,01875;0,0095;0;0,006612903;0,005;0;0,005;0;0;0;0;0,01875;0;0;0;0;0;0;0;0;0;0;0;0;0;0;0;0,001
62;0;0;0;0;0;0;0;0,01875;0,0095;0;0,006612903;0,005;0;0,005;0;0;0;0;0,01875;0;0;0;0;0;0;0;0;0;0;0;0;0;0;0;0,001
63;0;0;0;0;0;0;0;0,01875;0,0095;0;0,006612903;0,005;0;0,005;0;0;0;0;0,01875;0;0;0;0;0;0;0;0;0;0;0;0;0;0;0;0,001
64;0;0;0;0;0;0;0;0,01875;0,0095;0;0,006612903;0,005;0;0,005;0;0;0;0;0,01875;0;0;0;0;0;0;0;0;0;0;0;0;0;0;0;0,001
65;0;0;0;0;0;0;0;0,01875;0,0095;0;0,006612903;0,005;0;0,005;0;0;0;0;0,01875;0;0;0;0;0;0;0;0;0;0;0;0;0;0;0;0,001
66;0;0;0;0;0;0;0;0,01875;0,0095;0;0,006612903;0,005;0;0,005;0;0;0;0;0,01875;0;0;0;0;0;0;0;0;0;0;0;0;0;0;0;0,001
67;0;0;0;0;0;0;0;0,01875;0,0095;0;0,006612903;0,005;0;0,005;0;0;0;0;0,01875;0;0;0;0;0;0;0;0;0;0;0;0;0;0;0;0,001
68;0;0;0;0;0;0;0;0,01875;0,0095;0;0,006612903;0,005;0;0,005;0;0;0;0;0,01875;0;0;0;0;0;0;0;0;0;0;0;0;0;0;0;0,001
69;0;0;0;0;0;0;0;0,01875;0,0095;0;0,006612903;0,005;0;0,005;0;0;0;0;0,01875;0;0;0;0;0;0;0;0;0;0;0;0;0;0;0;0,001
70;0;0;0;0;0;0;0;0,01875;0,0095;0;0,006612903;0,005;0;0,005;0;0;0;0;0,01875;0;0;0;0;0;0;0;0;0;0;0;0;0;0;0;0,001
71;0;0;0;0;0;0;0;0,01875;0,0095;0;0,006612903;0,005;0;0,005;0;0;0;0;0,01875;0;0;0;0;0;0;0;0;0;0;0;0;0;0;0;0,001
72;0;0;0;0;0;0;0;0,01875;0,0095;0;0,006612903;0,005;0;0,005;0;0;0;0;0,01875;0;0;0;0;0;0;0;0;0;0;0;0;0;0;0;0,001
73;0;0;0;0;0;0;0;0,01875;0,0095;0;0,006612903;0,005;0;0,005;0;0;0;0;0,01875;0;0;0;0;0;0;0;0;0;0;0;0;0;0;0;0,001
74;0;0;0;0;0;0;0;0,01875;0,0095;0;0,006612903;0,005;0;0,005;0;0;0;0;0,01875;0;0;0;0;0;0;0;0;0;0;0;0;0;0;0;0,001
75;0;0;0;0;0;0;0;0,01875;0,0095;0;0,006612903;0,005;0;0,005;0;0;0;0;0,01875;0;0;0;0;0;0;0;0;0;0;0;0;0;0;0;0,001
76;0;0;0;0;0;0;0;0,01875;0,0095;0;0,006612903;0,005;0;0,005;0;0;0;0;0,01875;0;0;0;0;0;0;0;0;0;0;0;0;0;0;0;0,001
77;0;0;0;0;0;0;0;0,01875;0,0095;0;0,006612903;0,005;0;0,005;0;0;0;0;0,01875;0;0;0;0;0;0;0;0;0;0;0;0;0;0;0;0,001
78;0;0;0;0;0;0;0;0,01875;0,0095;0;0,006612903;0,005;0;0,005;0;0;0;0;0,01875;0;0;0;0;0;0;0;0;0;0;0;0;0;0;0;0,001
79;0;0;0;0;0;0;0;0,01875;0,0095;0;0,006612903;0,005;0;0,005;0;0;0;0;0,01875;0;0;0;0;0;0;0;0;0;0;0;0;0;0;0;0,001
80;0;0;0;0;0;0;0;0,01875;0,0095;0;0,006612903;0,005;0;0,005;0;0;0;0;0,01875;0;0;0;0;0;0;0;0;0;0;0;0;0;0;0;0,001
81;0;0;0;0;0;0;0;0;0;0;0;0;0;0;0,016666667;0;0;0;0;0;0;0;0;0;0;0;0;0;0;0;0;0;0;0;0,002
82;0;0;0;0;0;0;0;0;0;0;0;0;0;0;0,016666667;0;0;0;0;0;0;0;0;0;0;0;0;0;0;0;0;0;0;0;0,002
83;0;0;0;0;0;0;0;0;0;0;0;0;0;0;0,016666667;0;0;0;0;0;0;0;0;0;0;0;0;0;0;0;0;0;0;0;0,002
84;0;0;0;0;0;0;0;0;0;0;0;0;0;0;0,016666667;0;0;0;0;0;0;0;0;0;0;0;0;0;0;0;0;0;0;0;0,002
85;0;0;0;0;0;0;0;0;0;0;0;0;0;0;0,016666667;0;0;0;0;0;0;0;0;0;0;0;0;0;0;0;0;0;0;0;0,002
86;0;0;0;0;0;0;0;0;0;0;0;0;0;0;0,016666667;0;0;0;0;0;0;0;0;0;0;0;0;0;0;0;0;0;0;0;0,002
87;0;0;0;0;0;0;0;0;0;0;0;0;0;0;0,016666667;0;0;0;0;0;0;0;0;0;0;0;0;0;0;0;0;0;0;0;0,002
88;0;0;0;0;0;0;0;0;0;0;0;0;0;0;0,016666667;0;0;0;0;0;0;0;0;0;0;0;0;0;0;0;0;0;0;0;0,002
89;0;0;0;0;0;0;0;0;0;0;0;0;0;0;0,016666667;0;0;0;0;0;0;0;0;0;0;0;0;0;0;0;0;0;0;0;0,002
90;0;0;0;0;0;0;0;0;0;0;0;0;0;0;0,016666667;0;0;0;0;0;0;0;0;0;0;0;0;0;0;0;0;0;0;0;0,002
91;0;0;0;0;0;0;0;0;0;0;0;0;0;0;0,016666667;0;0;0;0;0;0;0;0;0;0;0;0;0;0;0;0;0;0;0;0,002
92;0;0;0;0;0;0;0;0;0;0;0;0;0;0;0,016666667;0;0;0;0;0;0;0;0;0;0;0;0;0;0;0;0;0;0;0;0,002
93;0;0;0;0;0;0;0;0;0;0;0;0;0;0;0,016666667;0;0;0;0;0;0;0;0;0;0;0;0;0;0;0;0;0;0;0;0,002
94;0;0;0;0;0;0;0;0;0;0;0;0;0;0;0,016666667;0;0;0;0;0;0;0;0;0;0;0;0;0;0;0;0;0;0;0;0,002
95;0;0;0;0;0;0;0;0;0;0;0;0;0;0;0,016666667;0;0;0;0;0;0;0;0;0;0;0;0;0;0;0;0;0;0;0;0,002
96;0;0;0;0;0;0;0;0;0;0;0;0;0;0;0,016666667;0;0;0;0;0;0;0;0;0;0;0;0;0;0;0;0;0;0;0;0,002
97;0;0;0;0;0;0;0;0;0;0;0;0;0;0;0,016666667;0;0;0;0;0;0;0;0;0;0;0;0;0;0;0;0;0;0;0;0,002
98;0;0;0;0;0;0;0;0;0;0;0;0;0;0;0,016666667;0;0;0;0;0;0;0;0;0;0;0;0;0;0;0;0;0;0;0;0,002
99;0;0;0;0;0;0;0;0;0;0;0;0;0;0;0,016666667;0;0;0;0;0;0;0;0;0;0;0;0;0;0;0;0;0;0;0;0,002
100;0;0;0;0;0;0;0;0;0;0;0;0;0;0;0,016666667;0;0;0;0;0;0;0;0;0;0;0;0;0;0;0;0;0;0;0;0,002
101;0;0;0;0;0;0;0;0;0;0;0;0;0;0;0,002222222;0;0;0;0;0;0;0;0;0;0;0;0;0;0;0;0;0;0;0;0
102;0;0;0;0;0;0;0;0;0;0;0;0;0;0;0,002222222;0;0;0;0;0;0;0;0;0;0;0;0;0;0;0;0;0;0;0;0
103;0;0;0;0;0;0;0;0;0;0;0;0;0;0;0,002222222;0;0;0;0;0;0;0;0;0;0;0;0;0;0;0;0;0;0;0;0
104;0;0;0;0;0;0;0;0;0;0;0;0;0;0;0,002222222;0;0;0;0;0;0;0;0;0;0;0;0;0;0;0;0;0;0;0;0
105;0;0;0;0;0;0;0;0;0;0;0;0;0;0;0,002222222;0;0;0;0;0;0;0;0;0;0;0;0;0;0;0;0;0;0;0;0
106;0;0;0;0;0;0;0;0;0;0;0;0;0;0;0,002222222;0;0;0;0;0;0;0;0;0;0;0;0;0;0;0;0;0;0;0;0
107;0;0;0;0;0;0;0;0;0;0;0;0;0;0;0,002222222;0;0;0;0;0;0;0;0;0;0;0;0;0;0;0;0;0;0;0;0
108;0;0;0;0;0;0;0;0;0;0;0;0;0;0;0,002222222;0;0;0;0;0;0;0;0;0;0;0;0;0;0;0;0;0;0;0;0
109;0;0;0;0;0;0;0;0;0;0;0;0;0;0;0,002222222;0;0;0;0;0;0;0;0;0;0;0;0;0;0;0;0;0;0;0;0
110;0;0;0;0;0;0;0;0;0;0;0;0;0;0;0,002222222;0;0;0;0;0;0;0;0;0;0;0;0;0;0;0;0;0;0;0;0
111;0;0;0;0;0;0;0;0;0;0;0;0;0;0;0,002222222;0;0;0;0;0;0;0;0;0;0;0;0;0;0;0;0;0;0;0;0
112;0;0;0;0;0;0;0;0;0;0;0;0;0;0;0,002222222;0;0;0;0;0;0;0;0;0;0;0;0;0;0;0;0;0;0;0;0
113;0;0;0;0;0;0;0;0;0;0;0;0;0;0;0,002222222;0;0;0;0;0;0;0;0;0;0;0;0;0;0;0;0;0;0;0;0
114;0;0;0;0;0;0;0;0;0;0;0;0;0;0;0,002222222;0;0;0;0;0;0;0;0;0;0;0;0;0;0;0;0;0;0;0;0
115;0;0;0;0;0;0;0;0;0;0;0;0;0;0;0,002222222;0;0;0;0;0;0;0;0;0;0;0;0;0;0;0;0;0;0;0;0
116;0;0;0;0;0;0;0;0;0;0;0;0;0;0;0,002222222;0;0;0;0;0;0;0;0;0;0;0;0;0;0;0;0;0;0;0;0
117;0;0;0;0;0;0;0;0;0;0;0;0;0;0;0,002222222;0;0;0;0;0;0;0;0;0;0;0;0;0;0;0;0;0;0;0;0
118;0;0;0;0;0;0;0;0;0;0;0;0;0;0;0,002222222;0;0;0;0;0;0;0;0;0;0;0;0;0;0;0;0;0;0;0;0
119;0;0;0;0;0;0;0;0;0;0;0;0;0;0;0,002222222;0;0;0;0;0;0;0;0;0;0;0;0;0;0;0;0;0;0;0;0
120;0;0;0;0;0;0;0;0;0;0;0;0;0;0;0,002222222;0;0;0;0;0;0;0;0;0;0;0;0;0;0;0;0;0;0;0;0
121;0;0;0;0;0;0;0;0;0;0;0;0;0;0;0,002222222;0;0;0;0;0;0;0;0;0;0;0;0;0;0;0;0;0;0;0;0
122;0;0;0;0;0;0;0;0;0;0;0;0;0;0;0,002222222;0;0;0;0;0;0;0;0;0;0;0;0;0;0;0;0;0;0;0;0
123;0;0;0;0;0;0;0;0;0;0;0;0;0;0;0,002222222;0;0;0;0;0;0;0;0;0;0;0;0;0;0;0;0;0;0;0;0
124;0;0;0;0;0;0;0;0;0;0;0;0;0;0;0,002222222;0;0;0;0;0;0;0;0;0;0;0;0;0;0;0;0;0;0;0;0
125;0;0;0;0;0;0;0;0;0;0;0;0;0;0;0,002222222;0;0;0;0;0;0;0;0;0;0;0;0;0;0;0;0;0;0;0;0
126;0;0;0;0;0;0;0;0;0;0;0;0;0;0;0,002222222;0;0;0;0;0;0;0;0;0;0;0;0;0;0;0;0;0;0;0;0
127;0;0;0;0;0;0;0;0;0;0;0;0;0;0;0,002222222;0;0;0;0;0;0;0;0;0;0;0;0;0;0;0;0;0;0;0;0
128;0;0;0;0;0;0;0;0;0;0;0;0;0;0;0,002222222;0;0;0;0;0;0;0;0;0;0;0;0;0;0;0;0;0;0;0;0
129;0;0;0;0;0;0;0;0;0;0;0;0;0;0;0,002222222;0;0;0;0;0;0;0;0;0;0;0;0;0;0;0;0;0;0;0;0
130;0;0;0;0;0;0;0;0;0;0;0;0;0;0;0,002222222;0;0;0;0;0;0;0;0;0;0;0;0;0;0;0;0;0;0;0;0
131;0;0;0;0;0;0;0;0;0;0;0;0;0;0;0,002222222;0;0;0;0;0;0;0;0;0;0;0;0;0;0;0;0;0;0;0;0
132;0;0;0;0;0;0;0;0;0;0;0;0;0;0;0,002222222;0;0;0;0;0;0;0;0;0;0;0;0;0;0;0;0;0;0;0;0
133;0;0;0;0;0;0;0;0;0;0;0;0;0;0;0,002222222;0;0;0;0;0;0;0;0;0;0;0;0;0;0;0;0;0;0;0;0
134;0;0;0;0;0;0;0;0;0;0;0;0;0;0;0,002222222;0;0;0;0;0;0;0;0;0;0;0;0;0;0;0;0;0;0;0;0
135;0;0;0;0;0;0;0;0;0;0;0;0;0;0;0,002222222;0;0;0;0;0;0;0;0;0;0;0;0;0;0;0;0;0;0;0;0
136;0;0;0;0;0;0;0;0;0;0;0;0;0;0;0,002222222;0;0;0;0;0;0;0;0;0;0;0;0;0;0;0;0;0;0;0;0
137;0;0;0;0;0;0;0;0;0;0;0;0;0;0;0,002222222;0;0;0;0;0;0;0;0;0;0;0;0;0;0;0;0;0;0;0;0
138;0;0;0;0;0;0;0;0;0;0;0;0;0;0;0,002222222;0;0;0;0;0;0;0;0;0;0;0;0;0;0;0;0;0;0;0;0
139;0;0;0;0;0;0;0;0;0;0;0;0;0;0;0,002222222;0;0;0;0;0;0;0;0;0;0;0;0;0;0;0;0;0;0;0;0
140;0;0;0;0;0;0;0;0;0;0;0;0;0;0;0,002222222;0;0;0;0;0;0;0;0;0;0;0;0;0;0;0;0;0;0;0;0
141;0;0;0;0;0;0;0;0;0;0;0;0;0;0;0,002222222;0;0;0;0;0;0;0;0;0;0;0;0;0;0;0;0;0;0;0;0
142;0;0;0;0;0;0;0;0;0;0;0;0;0;0;0,002222222;0;0;0;0;0;0;0;0;0;0;0;0;0;0;0;0;0;0;0;0
143;0;0;0;0;0;0;0;0;0;0;0;0;0;0;0,002222222;0;0;0;0;0;0;0;0;0;0;0;0;0;0;0;0;0;0;0;0
144;0;0;0;0;0;0;0;0;0;0;0;0;0;0;0,002222222;0;0;0;0;0;0;0;0;0;0;0;0;0;0;0;0;0;0;0;0
145;0;0;0;0;0;0;0;0;0;0;0;0;0;0;0,002222222;0;0;0;0;0;0;0;0;0;0;0;0;0;0;0;0;0;0;0;0
146;0;0;0;0;0;0;0;0;0;0;0;0;0;0;0,002222222;0;0;0;0;0;0;0;0;0;0;0;0;0;0;0;0;0;0;0;0
147;0;0;0;0;0;0;0;0;0;0;0;0;0;0;0,002222222;0;0;0;0;0;0;0;0;0;0;0;0;0;0;0;0;0;0;0;0
148;0;0;0;0;0;0;0;0;0;0;0;0;0;0;0,002222222;0;0;0;0;0;0;0;0;0;0;0;0;0;0;0;0;0;0;0;0
149;0;0;0;0;0;0;0;0;0;0;0;0;0;0;0,002222222;0;0;0;0;0;0;0;0;0;0;0;0;0;0;0;0;0;0;0;0
150;0;0;0;0;0;0;0;0;0;0;0;0;0;0;0,002222222;0;0;0;0;0;0;0;0;0;0;0;0;0;0;0;0;0;0;0;0
151;0;0;0;0;0;0;0;0;0;0;0;0;0;0;0,002222222;0;0;0;0;0;0;0;0;0;0;0;0;0;0;0;0;0;0;0;0
152;0;0;0;0;0;0;0;0;0;0;0;0;0;0;0,002222222;0;0;0;0;0;0;0;0;0;0;0;0;0;0;0;0;0;0;0;0
153;0;0;0;0;0;0;0;0;0;0;0;0;0;0;0,002222222;0;0;0;0;0;0;0;0;0;0;0;0;0;0;0;0;0;0;0;0
154;0;0;0;0;0;0;0;0;0;0;0;0;0;0;0,002222222;0;0;0;0;0;0;0;0;0;0;0;0;0;0;0;0;0;0;0;0
155;0;0;0;0;0;0;0;0;0;0;0;0;0;0;0,002222222;0;0;0;0;0;0;0;0;0;0;0;0;0;0;0;0;0;0;0;0
156;0;0;0;0;0;0;0;0;0;0;0;0;0;0;0,002222222;0;0;0;0;0;0;0;0;0;0;0;0;0;0;0;0;0;0;0;0
157;0;0;0;0;0;0;0;0;0;0;0;0;0;0;0,002222222;0;0;0;0;0;0;0;0;0;0;0;0;0;0;0;0;0;0;0;0
158;0;0;0;0;0;0;0;0;0;0;0;0;0;0;0,002222222;0;0;0;0;0;0;0;0;0;0;0;0;0;0;0;0;0;0;0;0
159;0;0;0;0;0;0;0;0;0;0;0;0;0;0;0,002222222;0;0;0;0;0;0;0;0;0;0;0;0;0;0;0;0;0;0;0;0
160;0;0;0;0;0;0;0;0;0;0;0;0;0;0;0,002222222;0;0;0;0;0;0;0;0;0;0;0;0;0;0;0;0;0;0;0;0
161;0;0;0;0;0;0;0;0;0;0;0;0;0;0;0,002222222;0;0;0;0;0;0;0;0;0;0;0;0;0;0;0;0;0;0;0;0
162;0;0;0;0;0;0;0;0;0;0;0;0;0;0;0,002222222;0;0;0;0;0;0;0;0;0;0;0;0;0;0;0;0;0;0;0;0
163;0;0;0;0;0;0;0;0;0;0;0;0;0;0;0,002222222;0;0;0;0;0;0;0;0;0;0;0;0;0;0;0;0;0;0;0;0
164;0;0;0;0;0;0;0;0;0;0;0;0;0;0;0,002222222;0;0;0;0;0;0;0;0;0;0;0;0;0;0;0;0;0;0;0;0
165;0;0;0;0;0;0;0;0;0;0;0;0;0;0;0,002222222;0;0;0;0;0;0;0;0;0;0;0;0;0;0;0;0;0;0;0;0
166;0;0;0;0;0;0;0;0;0;0;0;0;0;0;0,002222222;0;0;0;0;0;0;0;0;0;0;0;0;0;0;0;0;0;0;0;0
167;0;0;0;0;0;0;0;0;0;0;0;0;0;0;0,002222222;0;0;0;0;0;0;0;0;0;0;0;0;0;0;0;0;0;0;0;0
168;0;0;0;0;0;0;0;0;0;0;0;0;0;0;0,002222222;0;0;0;0;0;0;0;0;0;0;0;0;0;0;0;0;0;0;0;0
169;0;0;0;0;0;0;0;0;0;0;0;0;0;0;0,002222222;0;0;0;0;0;0;0;0;0;0;0;0;0;0;0;0;0;0;0;0
170;0;0;0;0;0;0;0;0;0;0;0;0;0;0;0,002222222;0;0;0;0;0;0;0;0;0;0;0;0;0;0;0;0;0;0;0;0
171;0;0;0;0;0;0;0;0;0;0;0;0;0;0;0,002222222;0;0;0;0;0;0;0;0;0;0;0;0;0;0;0;0;0;0;0;0
172;0;0;0;0;0;0;0;0;0;0;0;0;0;0;0,002222222;0;0;0;0;0;0;0;0;0;0;0;0;0;0;0;0;0;0;0;0
173;0;0;0;0;0;0;0;0;0;0;0;0;0;0;0,002222222;0;0;0;0;0;0;0;0;0;0;0;0;0;0;0;0;0;0;0;0
174;0;0;0;0;0;0;0;0;0;0;0;0;0;0;0,002222222;0;0;0;0;0;0;0;0;0;0;0;0;0;0;0;0;0;0;0;0
175;0;0;0;0;0;0;0;0;0;0;0;0;0;0;0,002222222;0;0;0;0;0;0;0;0;0;0;0;0;0;0;0;0;0;0;0;0
176;0;0;0;0;0;0;0;0;0;0;0;0;0;0;0,002222222;0;0;0;0;0;0;0;0;0;0;0;0;0;0;0;0;0;0;0;0
177;0;0;0;0;0;0;0;0;0;0;0;0;0;0;0,002222222;0;0;0;0;0;0;0;0;0;0;0;0;0;0;0;0;0;0;0;0
178;0;0;0;0;0;0;0;0;0;0;0;0;0;0;0,002222222;0;0;0;0;0;0;0;0;0;0;0;0;0;0;0;0;0;0;0;0
179;0;0;0;0;0;0;0;0;0;0;0;0;0;0;0,002222222;0;0;0;0;0;0;0;0;0;0;0;0;0;0;0;0;0;0;0;0
180;0;0;0;0;0;0;0;0;0;0;0;0;0;0;0,002222222;0;0;0;0;0;0;0;0;0;0;0;0;0;0;0;0;0;0;0;0
181;0;0;0;0;0;0;0;0;0;0;0;0;0;0;0,002222222;0;0;0;0;0;0;0;0;0;0;0;0;0;0;0;0;0;0;0;0
182;0;0;0;0;0;0;0;0;0;0;0;0;0;0;0,002222222;0;0;0;0;0;0;0;0;0;0;0;0;0;0;0;0;0;0;0;0
183;0;0;0;0;0;0;0;0;0;0;0;0;0;0;0,002222222;0;0;0;0;0;0;0;0;0;0;0;0;0;0;0;0;0;0;0;0
184;0;0;0;0;0;0;0;0;0;0;0;0;0;0;0,002222222;0;0;0;0;0;0;0;0;0;0;0;0;0;0;0;0;0;0;0;0
185;0;0;0;0;0;0;0;0;0;0;0;0;0;0;0,002222222;0;0;0;0;0;0;0;0;0;0;0;0;0;0;0;0;0;0;0;0
186;0;0;0;0;0;0;0;0;0;0;0;0;0;0;0,002222222;0;0;0;0;0;0;0;0;0;0;0;0;0;0;0;0;0;0;0;0
187;0;0;0;0;0;0;0;0;0;0;0;0;0;0;0,002222222;0;0;0;0;0;0;0;0;0;0;0;0;0;0;0;0;0;0;0;0
188;0;0;0;0;0;0;0;0;0;0;0;0;0;0;0,002222222;0;0;0;0;0;0;0;0;0;0;0;0;0;0;0;0;0;0;0;0
189;0;0;0;0;0;0;0;0;0;0;0;0;0;0;0,002222222;0;0;0;0;0;0;0;0;0;0;0;0;0;0;0;0;0;0;0;0
190;0;0;0;0;0;0;0;0;0;0;0;0;0;0;0,002222222;0;0;0;0;0;0;0;0;0;0;0;0;0;0;0;0;0;0;0;0
191;0;0;0;0;0;0;0;0;0;0;0;0;0;0;0,002222222;0;0;0;0;0;0;0;0;0;0;0;0;0;0;0;0;0;0;0;0
192;0;0;0;0;0;0;0;0;0;0;0;0;0;0;0,002222222;0;0;0;0;0;0;0;0;0;0;0;0;0;0;0;0;0;0;0;0
193;0;0;0;0;0;0;0;0;0;0;0;0;0;0;0,002222222;0;0;0;0;0;0;0;0;0;0;0;0;0;0;0;0;0;0;0;0
194;0;0;0;0;0;0;0;0;0;0;0;0;0;0;0,002222222;0;0;0;0;0;0;0;0;0;0;0;0;0;0;0;0;0;0;0;0
195;0;0;0;0;0;0;0;0;0;0;0;0;0;0;0,002222222;0;0;0;0;0;0;0;0;0;0;0;0;0;0;0;0;0;0;0;0
196;0;0;0;0;0;0;0;0;0;0;0;0;0;0;0,002222222;0;0;0;0;0;0;0;0;0;0;0;0;0;0;0;0;0;0;0;0
197;0;0;0;0;0;0;0;0;0;0;0;0;0;0;0,002222222;0;0;0;0;0;0;0;0;0;0;0;0;0;0;0;0;0;0;0;0
198;0;0;0;0;0;0;0;0;0;0;0;0;0;0;0,002222222;0;0;0;0;0;0;0;0;0;0;0;0;0;0;0;0;0;0;0;0
199;0;0;0;0;0;0;0;0;0;0;0;0;0;0;0,002222222;0;0;0;0;0;0;0;0;0;0;0;0;0;0;0;0;0;0;0;0
200;0;0;0;0;0;0;0;0;0;0;0;0;0;0;0,002222222;0;0;0;0;0;0;0;0;0;0;0;0;0;0;0;0;0;0;0;0
